{"mean": [148.56349010362152, 1.8335993540221156, 1.5358290533993126, 2.5881095940236887, 8.894307173418076, 129.74910121728044, 42.05277457221437, 7.684265219144452], "scale": [102.81231056488272, 0.8572784693765043, 0.6163654711588806, 1.6669468910847556, 1.7951392270813318, 164.7861700778994, 7.828116671043296, 2.722557547907174]}